Avokado;gruen
Avokado;rot
Avokado;gelb
Birne;orange
Birne;rot
Birne;gruen
Zucchini;braun
Zucchini;gruen
Zucchini;rot
Zucchini;gelb
Aubergine;gruen
Aubergine;rot
Aubergine;gelb
Sonnenbrille;braun
Sonnenbrille;gruen
Sonnenbrille;orange
Sonnenbrille;rot
Sonnenbrille;gelb
Waescheklammer;braun
Waescheklammer;gruen
Waescheklammer;orange
Waescheklammer;rot
Waescheklammer;gelb
Bueroklammer;braun
Bueroklammer;gruen
Bueroklammer;orange
Bueroklammer;rot
Bueroklammer;gelb
Socken;braun
Socken;gruen
Socken;orange
Socken;rot
Socken;gelb
